irilyth,449663147676335,17592186044416,4271262009446271,4503599627370496
jimmosk,1796582409234351,70368744177664,8583114584947773,9007199254740992
Jota,7674359100044385,281474976710656,8537128104759287,9007199254740992
blackshadowshade,7194564987657829,281474976710656,4302532072914669,4503599627370496
glassonion,7302016358504913,281474976710656,4369322077575131,4503599627370496
yawetag,1635751392910345,70368744177664,8739718596874235,9007199254740992
Limax,7114562539915265,281474976710656,1086098504934141,1125899906842624
Mr_Grogg,3407985487720377,140737488355328,6748197209010891,4503599627370496
KermitTheBear,1451711300398313,70368744177664,4409271267948425,4503599627370496
borec_Loretta,7133293202063705,281474976710656,1481941640381629,562949953421312
elspethelle,4080585631538579,140737488355328,949129388386077,281474976710656
Squiddhartha,3430030753545197,140737488355328,8661942519445779,9007199254740992
ElihuRoot,3719614920275377,140737488355328,8641039424053115,9007199254740992
randomlife,6974192985450717,281474976710656,2195974091409263,2251799813685248
Caligari,684859043196649,35184372088832,1347622766150513,562949953421312
Kuni,7408560536433749,281474976710656,5409909139886351,4503599627370496
KevSaund,7455556490108689,281474976710656,4481972061647741,1125899906842624
ghostzephyr,6611696126767057,281474976710656,1720019694981455,1125899906842624
Oaktree,7290839141896539,281474976710656,2184238535674983,2251799813685248
Finngall,7429587458750983,281474976710656,3730340841098045,1125899906842624
zaph,4823824042107397,140737488355328,6508958856450201,2251799813685248
blinkingline,6834693681720607,281474976710656,8638826146484051,9007199254740992
anyGould,699401817551829,35184372088832,2039405514473297,562949953421312
alwayslurking,3622416567934883,140737488355328,8697269709602771,9007199254740992
schwa,642240228114703,17592186044416,5004005889352595,1125899906842624
Grayhawk,1349545462367585,70368744177664,8877282245847689,4503599627370496
wendella,6516023668081485,281474976710656,1650629835317427,1125899906842624
bluebec,4501329617464411,281474976710656,7697022564031353,2251799813685248
DvJones,1911139194168867,70368744177664,7638646998727909,2251799813685248
fnord,7620459778286815,281474976710656,7128218725712847,4503599627370496
Boot2daHead,6883557429323349,281474976710656,7546807506792307,4503599627370496
Fog,1765588844346153,70368744177664,5854536363209861,2251799813685248
smallfrogge,4103311733207493,140737488355328,1757132466968661,281474976710656
raymund,1731694421193129,70368744177664,4322988326457005,4503599627370496
Patman,5357559301293447,281474976710656,5717843965610431,2251799813685248
Heather,3364338947011911,140737488355328,3916402021265907,562949953421312
tavella,7092812442759431,281474976710656,1084568108209209,1125899906842624
shozman,3013609558582691,140737488355328,4219637690608979,1125899906842624
MiPona,7982193851805093,281474976710656,2657139850628889,562949953421312
Stoooooooo,1759833352354763,70368744177664,8661160986803917,9007199254740992
Hubbub,7270518059405143,281474976710656,8601128030637503,9007199254740992
jl8e,7636157242153003,281474976710656,567814251081311,562949953421312
devious,7286754537506079,281474976710656,2229698625788661,2251799813685248
mneme,1854112709124425,70368744177664,6636034194835021,2251799813685248
Dox,4269722261865261,281474976710656,817359594689087,140737488355328
Polonius,8104915267756337,281474976710656,7703232889121957,4503599627370496
Pjack,7213614472980151,281474976710656,786235579370719,281474976710656
SyberCat,8388293398446549,281474976710656,7958771829518961,1125899906842624
Gryphon,7475257007538777,281474976710656,2197408059966817,2251799813685248
mcculloch,6931857886589383,281474976710656,2187331020403221,2251799813685248
space_parasite,7351084530344169,281474976710656,5057327183845969,2251799813685248
TheUniverse,29732455848989,1099511627776,453453171924171,281474976710656
Cassandra,2083918833768315,70368744177664,6961345464716995,1125899906842624
Ruckous,910771552566507,35184372088832,8962429820977375,9007199254740992
eksortso,3475342445619959,140737488355328,2310847578088685,2251799813685248
Kimmydonn,1431803343911375,70368744177664,4694425633249957,1125899906842624
Boldano,3305663879597811,140737488355328,3739067589726055,562949953421312
kestrel,7034467645415907,281474976710656,5174163675360931,4503599627370496
nkmcalli,6855043777035257,281474976710656,270394571897327,281474976710656
kaufman,1761610168236145,70368744177664,8664934048224697,9007199254740992
elephantman,3617187809826303,140737488355328,8953670807134557,4503599627370496
Pearl,8555240898818613,1125899906842624,2031947960346635,562949953421312
Nyctophage,7203261522076727,281474976710656,5261007806270243,2251799813685248
itachi,7273859806982709,281474976710656,271400056968153,281474976710656
Nepenthe,7927242681292105,281474976710656,8526446302285931,1125899906842624
KitarAran,3774195872244005,140737488355328,4322182221406931,4503599627370496
IIConfused,2723752265766891,140737488355328,6640558724639593,2251799813685248
rchavey,6626068407363719,281474976710656,8157534349906091,2251799813685248
tetujin,6337872196946505,281474976710656,4894066936760969,4503599627370496
dudleypippin,6521572184020875,281474976710656,4405018022637545,4503599627370496
Joshua,7571575653044631,281474976710656,1271705708174165,281474976710656
DurianDurian,7021767541527435,562949953421312,3399428489576317,1125899906842624
Vanadio,1426696339013747,70368744177664,4058103511710219,562949953421312
captconstruct,169502723547695,8796093022208,2576551962123045,2251799813685248
wembley_fraggle,6963275307328063,281474976710656,33844382113963,35184372088832
Thrakazog,6058032755650763,281474976710656,1189649434588161,562949953421312
malbertelli,4236111410963513,140737488355328,1624303900379353,281474976710656
Gorechild,5968248850415919,281474976710656,4048137332275363,562949953421312
microkermit,6142062530255745,281474976710656,7065720578705577,1125899906842624
butterenpo,5936606103437423,281474976710656,6306398056572557,1125899906842624
BasnetI,6665200994968185,281474976710656,4172617738707239,1125899906842624
falmbeau,5546914632215353,281474976710656,1291348543962371,562949953421312
loksi83,6368872529613435,281474976710656,2199990810949049,2251799813685248
sansibaman,5456745581778783,281474976710656,377265067151389,70368744177664
Nonce,6839737599636539,281474976710656,8816548385248857,9007199254740992
LoneKnight,7110131880338263,281474976710656,424228646615221,70368744177664
TwistedRichie,6871688519426635,281474976710656,560402544667863,562949953421312
Pola,7092415553625723,281474976710656,4425614352522463,4503599627370496
Matt,7782475409511137,281474976710656,68146663808901,70368744177664
mia79,6302164578657113,281474976710656,4596498302649077,4503599627370496
TheAlmighty,6664007888892807,281474976710656,8886822027571285,9007199254740992
MissShady,4564476042655659,281474976710656,4731546844688693,1125899906842624
tomhorstmann,3684927247030945,140737488355328,7022006756885961,4503599627370496
Bosco312,6615660281565463,281474976710656,8876193686521989,9007199254740992
spielfriek,8286985208147509,281474976710656,3942269014797821,562949953421312
awesomeusername,7978484273092411,281474976710656,6774816018041687,4503599627370496
kusinohki,3768828933914419,140737488355328,8599112866403929,9007199254740992
boilerbrown,814529676623125,35184372088832,332617869300367,281474976710656
drransom,2475805566344079,140737488355328,1791376995150871,281474976710656
feanor,6840445562887239,281474976710656,1277132038453165,1125899906842624
pchomp,2641095507288563,140737488355328,5971326337045955,2251799813685248
rhitsqueaky,3054142354793871,140737488355328,5788291877811899,4503599627370496
Cropcircles,6304535296879699,281474976710656,1498375361994203,281474976710656
Bagels,3205755122173173,140737488355328,8855001002551861,9007199254740992
Jeshyr,5802058546401115,281474976710656,4901470337556003,4503599627370496
beuchety,8920652261862005,281474976710656,5983873800349427,1125899906842624
tasha,6928824656839737,281474976710656,4368803273836547,4503599627370496
UncleMilo,3332992810167961,140737488355328,4304995126076945,4503599627370496
gauen,224436309696233,8796093022208,8508207976329351,9007199254740992
redtiger7,6409799500908855,281474976710656,8850701120513851,4503599627370496
Smiley_Faces,1375808335080921,70368744177664,5400113113834685,4503599627370496
Nala,7138125641016315,281474976710656,4309954328620891,4503599627370496
Paprika,8013939214718847,281474976710656,8399851928069503,1125899906842624
charbot,6059809620813953,281474976710656,8399851928069503,1125899906842624
jzusmer,1605563952272027,70368744177664,3179680971554599,2251799813685248
squirrel,3413051460015395,140737488355328,6183702395098469,2251799813685248
WarBanner,5866568969822567,281474976710656,1158095747784377,562949953421312
RoberiusRex,6770500752700103,281474976710656,538254245775881,562949953421312
GamerXYZ,1729188479250805,70368744177664,8627198790380269,9007199254740992
Airickjames,4845577762131629,281474976710656,887296792886101,281474976710656
Qcpu,3188587428337615,140737488355328,583495762890563,562949953421312
Toppler,6665620458860181,281474976710656,4780379557403017,4503599627370496
Kaori,1793548831132729,70368744177664,8516490979372873,9007199254740992
KaijuGamer,6965771362538705,281474976710656,4301453770353763,4503599627370496
Nostralarsus,3165876666543979,140737488355328,6738226340243849,1125899906842624
Cycozar,3122156200440855,140737488355328,8661010744958227,9007199254740992
Bael,833237886854653,35184372088832,1289411365289571,281474976710656
fuzzface,4249194447954115,140737488355328,7755734564203157,1125899906842624
chechumaru,1615396489531115,70368744177664,4452239782019429,4503599627370496
Intercalator,7570635232784529,281474976710656,8519836220561031,1125899906842624
AnnoDomini,3360152065042695,140737488355328,8638592684280965,9007199254740992
jayseman,3701526365210905,140737488355328,228398572217193,140737488355328
Ampelmaennchen,3275715177214585,140737488355328,5424161855890315,4503599627370496
Radagast,7285310130111257,281474976710656,8068089055723887,2251799813685248
bazin,5834893457273771,281474976710656,6838780681105373,4503599627370496
SnowFox,3902569374647463,140737488355328,6902568179590273,2251799813685248
dyskami,886002046222353,35184372088832,4848064796232153,2251799813685248
pemungkah,5544737319451843,281474976710656,4195279627625201,2251799813685248
Conspyre,3022410399759815,140737488355328,7283207511359599,2251799813685248
Kadarus,7027055307203841,281474976710656,5013337319989547,4503599627370496
glasserc,8545118579132407,281474976710656,5434902491123067,1125899906842624
Kortemaki,1758035403947673,70368744177664,542003520045651,562949953421312
Shiperu,1863210789509943,70368744177664,5898104548496299,1125899906842624
tomwsmf,1193208233601283,70368744177664,6613288561786197,2251799813685248
PoshFrosh,3261097260456533,140737488355328,2152970675545575,2251799813685248
ckronk,6221896011023051,281474976710656,844655824781487,562949953421312
ktvoelker,7078446927236219,281474976710656,8689263299055877,9007199254740992
Foxlady,6963581607135743,281474976710656,3336915514046895,1125899906842624
Garibaldi,6265914673298637,281474976710656,1475717539775155,281474976710656
Kadarus_the_Cat,7124849896401585,281474976710656,8210763158973611,2251799813685248
Daefaroth,3536778657373831,140737488355328,4366271188619329,4503599627370496
FrieceDiety,4615122730333927,281474976710656,3358497892336715,562949953421312
ABCoLD,3262024262721197,140737488355328,4617177287806333,4503599627370496
kilkerra8,7192268004072391,562949953421312,2733974593535999,562949953421312
azTeching,651291727429219,35184372088832,2573799505556587,1125899906842624
cherenkovblue,7408265272936833,281474976710656,2158672183624913,281474976710656
Countsabbo,7177591525956297,281474976710656,8062230219576411,2251799813685248
scameronde,2827072121740899,140737488355328,969733594841335,140737488355328
Sinbazo,6456553729663499,281474976710656,2321071907925603,2251799813685248
Daddy,6264499958149771,281474976710656,2406045716836803,2251799813685248
macrovipera,3399851635398221,140737488355328,6065788597269983,4503599627370496
jhevel,92637586958211,4398046511104,1645863311680283,1125899906842624
Grizzbear111,1432819549585121,70368744177664,5379352473088123,4503599627370496
nycavri,6884577629980085,281474976710656,544289978838723,562949953421312
gryph202,266099872888221,8796093022208,6025574588957145,1125899906842624
dokesa,7201679389271715,281474976710656,4656704579152927,4503599627370496
random56,1372804650677613,70368744177664,5079321517413233,1125899906842624
desertfox,5436518415668179,281474976710656,6003024905552697,2251799813685248
xanth,6402539579260615,281474976710656,8973373217372901,9007199254740992
burgi,3850906380173631,140737488355328,5943489880408283,1125899906842624
CheeseMan,6666170380823605,281474976710656,8794350059946089,9007199254740992
akkhima,3058684072640351,140737488355328,584080416685851,140737488355328
a_mandible,850676050574673,35184372088832,4643174641477771,2251799813685248
jcfiala,7200183744486333,281474976710656,8319430094572953,4503599627370496
Runkst,7920344691269865,281474976710656,6633194617042289,1125899906842624
KnightofRoses,3063493523760019,140737488355328,1719750092858741,1125899906842624
Marinda,3501538799290825,140737488355328,8243536341086897,2251799813685248
skeeter,1421455448800541,70368744177664,1317567002563543,562949953421312
courtjus,6028875677286017,281474976710656,8412468212289483,4503599627370496
Drackal,5916286844878461,281474976710656,4032687828199081,2251799813685248
slug,6592276242691831,281474976710656,1797218235095377,562949953421312
Blargh,1799694298885299,70368744177664,4321327796261553,4503599627370496
RagnarCZ,3555006857600789,140737488355328,4284065784927403,4503599627370496
happysteve,3259498067915003,140737488355328,5752446626227087,1125899906842624
PDV,3078718034739687,140737488355328,8163506896685919,4503599627370496
Stiggstogg,6403011651131049,281474976710656,2322625396814405,1125899906842624
Scipio,858728648690833,35184372088832,8735931006996109,9007199254740992
wolfe,405374423336959,17592186044416,3610681123051453,1125899906842624
grmann,477930798648035,17592186044416,7171282120033653,4503599627370496
theshark008,6537316862599639,281474976710656,3148236711212889,562949953421312
serenaraeyld,4862131680035427,281474976710656,3421087654330973,562949953421312
CellBlock,5793665969997319,281474976710656,1808271839071621,562949953421312
gaymerinla,3518497780352145,140737488355328,1898578401029151,562949953421312
nmx,2939005178633621,140737488355328,1180449344398867,281474976710656
Iron_Bridle,2691332707534565,140737488355328,7153265687675309,1125899906842624
YYC_Neil,6945601141298963,281474976710656,7956053959207131,4503599627370496
NitroGodzilla,683864184968807,35184372088832,6603362756476613,2251799813685248
LogicMouse,3137586059472455,140737488355328,7003501299207755,4503599627370496
prepboy111,4749984187212675,281474976710656,3726831053854459,562949953421312
erakbgg,4889364896024631,140737488355328,2973449279389789,562949953421312
ldpaulson,3992084185298977,140737488355328,7459603916225469,2251799813685248
Gizgo,7343862757017201,281474976710656,8720887419574671,9007199254740992
Whipwreck,3640858457817337,140737488355328,228315009350087,140737488355328
MsbS,8426808216086325,562949953421312,7983164615110779,2251799813685248
Buggrit,8856976674008499,281474976710656,3788175659781907,562949953421312
TheOrgg,6269985957829423,281474976710656,2244053892172851,2251799813685248
wandu,1922816953402255,70368744177664,5855621486750627,2251799813685248
Pjparent,759115019351647,35184372088832,2653430483110567,562949953421312
Darrin,6562096130403527,281474976710656,8668451071593649,9007199254740992
bouncergriim,2774843111038789,140737488355328,7511351912617935,1125899906842624
oliver,2876605496003977,140737488355328,8088110570046765,4503599627370496
jramboz,3324638114790621,140737488355328,5487691129151875,2251799813685248
Cyrus,3132082593952245,140737488355328,5317856973486251,1125899906842624
mjparm,5148140840646269,281474976710656,4768323242104727,1125899906842624
bislab,1243394835305559,70368744177664,2065888208399989,1125899906842624
sblom,6489021735842011,281474976710656,2538293341877375,562949953421312
nightimp,8118584458038567,281474976710656,1038538611962965,140737488355328
thornn,3248661954123643,140737488355328,6710537783515321,4503599627370496
shavenjesus,7194457025542933,281474976710656,4279132454630987,4503599627370496
Matchstickman,6561030210111907,281474976710656,1798504369548351,1125899906842624
Icedream,8065660626304539,562949953421312,6597478767131567,1125899906842624
miodd,6216235304594063,281474976710656,4241408232208763,1125899906842624
paulski,5727675939557301,281474976710656,2046292131630349,281474976710656
Nosilla27,6044486540428833,281474976710656,1036109537399911,140737488355328
Fixir,3972021914856347,140737488355328,8422347502654413,1125899906842624
rmannequin,6129705005820107,281474976710656,8422347502654413,1125899906842624
Firespirit,8198698016624711,281474976710656,8307496841213973,1125899906842624
Tatarusque,5875050818908087,281474976710656,8307496841213973,1125899906842624
DrWheatie,1802564105650583,70368744177664,6720998174503,1099511627776
dwelsh,6376290830789855,281474976710656,4787942930022603,1125899906842624
Keiya,5701464785222083,281474976710656,6547515569130293,2251799813685248
lonegoat,5060001020443321,281474976710656,3306644893704543,562949953421312
bl00mie,8849808728781481,562949953421312,6979315320467183,1125899906842624
blackfist,3554220146237157,140737488355328,3036561071503917,562949953421312
sir_indy,6664811006588615,281474976710656,3179170313435147,2251799813685248
Kreighund,5791876068053863,281474976710656,3307142963324173,1125899906842624
thenameof7,903504640664087,35184372088832,8636772986887205,9007199254740992
Lyrin,3112788583325803,140737488355328,4073116267361935,562949953421312
aceofalmonds,6740815416052759,281474976710656,4984360386491711,2251799813685248
filippos314,1627232196623555,70368744177664,1108316447705519,1125899906842624
Palefire,1270178548741015,70368744177664,3541143244544705,1125899906842624
Criswell,758881020649435,35184372088832,303033558128591,281474976710656
HeathBar,3220797925797337,140737488355328,6336704667846123,2251799813685248
Doug,2754150474866203,140737488355328,2015068574437117,562949953421312
loulou,412041534367115,17592186044416,4691157326639353,4503599627370496
shortwhiteguy,5656513719935031,281474976710656,7754139126938271,1125899906842624
Shadowblade,6963535191447245,281474976710656,812206742495951,140737488355328
ElFredo61,7257879601612565,281474976710656,4345295260961369,2251799813685248
hansolav,1728261496999051,70368744177664,2556631938511405,2251799813685248
MaysUnderground,7878652125749563,562949953421312,6048275602248121,1125899906842624
Butt01,6888652705776393,281474976710656,3117684971580577,1125899906842624
jimbob38,793153493652923,70368744177664,1201377677940591,281474976710656
Cristofore,3555643694100281,140737488355328,1908463162042979,1125899906842624
buttonmaster,6023109422033541,281474976710656,3997072601550325,562949953421312
amberan,5477387128509587,281474976710656,825595251000319,281474976710656
taurik,1351266904403519,70368744177664,5225503090947723,2251799813685248
Alsun,1987122795891231,70368744177664,334224896869317,140737488355328
Gnomekin,1548384914776181,70368744177664,5625853281363541,2251799813685248
inundator,6933744946440735,281474976710656,2540145673817133,562949953421312
Poltergeist,1239251425265155,70368744177664,2068592268315537,1125899906842624
jeffboyardy,3468073703008463,140737488355328,4395210040573325,4503599627370496
crom84,2832622013201917,140737488355328,354473477117861,70368744177664
horowits,346881288008995,17592186044416,1919020216025747,1125899906842624
trojanrabbit,3686798087871197,140737488355328,5888776672763659,2251799813685248
isoadam,8164616248405805,281474976710656,4165841813873255,562949953421312
dudescott,5909132587126995,281474976710656,4165841813873255,562949953421312
Zemyla,7816849087536683,281474976710656,4125050619308453,562949953421312
mary1984,2855870834330979,140737488355328,8794514761209597,4503599627370496
Vysetron,3439775931935345,140737488355328,2208859362367567,562949953421312
powerofzero,6546828116219919,281474976710656,4884490640942087,4503599627370496
krausemankol,4411835344207673,281474976710656,1890949412627971,562949953421312
HonestlySarcastc,5646205025549647,281474976710656,1950384305328493,281474976710656
Olsmitty,3466406104381551,140737488355328,2556580336903633,2251799813685248
kt,5612623200128365,281474976710656,3865177743557647,562949953421312
MrDifficult,2705348673714753,140737488355328,2276641078531705,562949953421312
stravag,5722639232520997,281474976710656,4546994344239651,4503599627370496
RoxySheriffson,7646801636899329,281474976710656,4328215396502809,4503599627370496
Moriarty,6832993670589575,281474976710656,8688782098409469,9007199254740992
Jenndmb75,4001201456981437,281474976710656,1126929638845585,562949953421312
Ozothoth,3376295499483103,140737488355328,8432861389014395,4503599627370496
BlackOmega,6362664067176271,281474976710656,7068022693564235,2251799813685248
krixfye,743181756672665,35184372088832,805528752212477,562949953421312
vdok,2822734243699017,140737488355328,7103895030631659,1125899906842624
planczl,6888848210217947,281474976710656,8983361812224775,9007199254740992
idris,7566594294825473,281474976710656,6004604933076451,1125899906842624
tommynomad,6218121146346199,281474976710656,7079065301783549,4503599627370496
chaosbreaker17,1132398633102611,70368744177664,4940939100467025,2251799813685248
Jhony27th,841069453304121,70368744177664,3467596655949633,1125899906842624
Patches,3344729142930989,140737488355328,8587744643454525,9007199254740992
MylSh,4053907686388729,140737488355328,2988748141433511,562949953421312
kevinlucow,3911611343736965,140737488355328,3344521246907323,1125899906842624
Kalamaris,4657990954192671,281474976710656,496632360222259,140737488355328
coastliner,3641606784423775,140737488355328,4377180701264159,4503599627370496
ladrako,6174104997306079,281474976710656,810435353793667,281474976710656
cornbread,5628132874754651,281474976710656,8083940584034319,4503599627370496
abump,1979837078856281,140737488355328,325155687863285,70368744177664
bumpusth,5765985757481497,281474976710656,8429092239483125,4503599627370496
Savager,4910494387523369,281474976710656,3371770930724201,1125899906842624
gmamtzad,1531793862313979,70368744177664,3679026025780355,2251799813685248
Cesium,300234129479057,17592186044416,6118060243803009,1125899906842624
Tucheg,2761463161381197,140737488355328,3840822581510009,562949953421312
smashem,2348093899787025,70368744177664,1973660681039601,562949953421312
schoberl,140643708105359,4398046511104,7206350855940437,1125899906842624
Vysion,3272824321244903,140737488355328,2180033371962771,2251799813685248
blessthemaker,6411333890063233,281474976710656,4901204459780077,1125899906842624
Wolf,1145297321057707,35184372088832,7172321297354389,1125899906842624
DunkMaster,1227842566767787,70368744177664,7172321297354389,1125899906842624
Walter22g,1623930272255841,70368744177664,10243636382437,4398046511104
tfkillah,3212342021480579,140737488355328,6702435979258739,4503599627370496
rubijsch,2645898200413541,140737488355328,4259479160298297,1125899906842624
Nayunis,5489146109368301,281474976710656,7661329834013695,1125899906842624
xSteee,6211027678457305,281474976710656,2603208648368711,1125899906842624
Jugular,1772724508065183,70368744177664,42832433440959,8796093022208
leroy43,2907096041432895,140737488355328,95325199082279,70368744177664
chochky,5115654703861831,281474976710656,6936048982347927,1125899906842624
Atwitmyer,817369465964871,35184372088832,8812916886652417,9007199254740992
Nesman64,6932371260243019,281474976710656,8899225418448307,9007199254740992
k9d,5861218539865647,281474976710656,3524507062289535,1125899906842624
Iotachancyy,8594501377033119,281474976710656,7416573270573803,1125899906842624
MojoVGB,4635255287110239,281474976710656,6206203688229527,1125899906842624
abrahamtv,2921131837466289,140737488355328,6546969787054237,4503599627370496
ashsdox,806565011354135,35184372088832,4699555717452285,4503599627370496
AnarkoMonkphish,6548836226709161,281474976710656,8972827086094357,2251799813685248
SextusUrungus,3869332430927625,140737488355328,3627257770350763,2251799813685248
andycyca,6819498558319117,281474976710656,2677199503267999,562949953421312
HectorH,673619325829169,35184372088832,1903227248106271,281474976710656
mmendo125,2060787403534935,70368744177664,4142030375922879,562949953421312
Salem,1368344998358295,70368744177664,7985836167384125,4503599627370496
Peanut,6449435971408813,281474976710656,3857478288964571,1125899906842624
CanNibble,7624312864123987,281474976710656,1928739144482285,562949953421312
yenzie,191655429576287,8796093022208,2900695941016823,1125899906842624
KolTrogdor,6529048727595081,281474976710656,1779986985437033,1125899906842624
CoderBlaze,7103543482377825,281474976710656,5396306309887845,4503599627370496
RancidPinata,6603374264260261,281474976710656,4270693906441323,562949953421312
kingor9,3217619139645373,140737488355328,8090354441706487,2251799813685248
Puma2013,6391721100204481,281474976710656,1575228312157947,562949953421312
Jhoanamd,2006249665971983,70368744177664,8057431294208595,1125899906842624
oipicS,1762392130649239,70368744177664,7876643701737023,2251799813685248
vasshon,511563832822587,35184372088832,6483755563986139,1125899906842624
Jonricksparta,591670694058611,35184372088832,7063549969389821,1125899906842624
IranJockStrap,1956889828943457,70368744177664,2099647959544753,281474976710656
joaquin,2731804947504533,140737488355328,957788696638497,140737488355328
partangel,4903069711801165,281474976710656,2182638890053763,562949953421312
Toofcat,1368653127664777,70368744177664,126371455700499,35184372088832
sack,5675459368484943,281474976710656,7094725576820503,1125899906842624
Seph,6701840622126723,281474976710656,597809980980919,281474976710656
Doubledose,1580160485918409,70368744177664,8453940208577301,1125899906842624
BattleCheese,1391769761774711,70368744177664,8671162733354219,4503599627370496
beatjohn,547304586629449,17592186044416,7582327977690709,1125899906842624
BMAIBagels,7918578028856089,281474976710656,8670988447063377,9007199254740992
rebrenned,280856605564031,17592186044416,916012418471941,140737488355328
skyhawkb,782751588683915,35184372088832,2287617476701027,2251799813685248
buttonbot,6146198807067081,281474976710656,4228208572981385,4503599627370496
buttonbot2,806392122826885,35184372088832,528526071623335,562949953421312
xmbrst,7584117181657417,281474976710656,4384727492297611,4503599627370496
Izzy319,1751998259913493,70368744177664,1655527312916127,281474976710656
shayg,7547261824860783,281474976710656,6634678893202801,1125899906842624
sffc,4077187874311475,140737488355328,8319940443503555,1125899906842624
Sanders,5919373086909849,281474976710656,8319940443503555,1125899906842624
Captain_Clever,6238642671404829,281474976710656,698382076979847,562949953421312
barsidius,715550185152907,35184372088832,7789332217517435,1125899906842624
izzyakkun,5838646281316195,281474976710656,2466867055664117,562949953421312
pressme,1775385733383763,70368744177664,8709134077021471,4503599627370496
MysticPenguin,3453305540387657,140737488355328,5281972816789303,2251799813685248
clvnsmxms,3190204223749311,140737488355328,988332960667711,140737488355328
Tilili,8418871650057413,281474976710656,7744968705716487,1125899906842624
Neptunion,154572552986663,8796093022208,415920807222803,70368744177664
Thandrie,176888570943981,8796093022208,2703137787824363,562949953421312
johnsnow,7092786830434509,281474976710656,6490932342886313,1125899906842624
manicfish,1768145997160937,70368744177664,6152364844068751,4503599627370496
schaffstein,7338523488555025,281474976710656,6552455917809951,1125899906842624
Smakky5,1677810849225327,70368744177664,5410057716552627,2251799813685248
Wolfson,7001272464136603,281474976710656,2050841998141627,1125899906842624
Scara,3282101121013885,140737488355328,7759284151814187,2251799813685248
Krukron,6556466413460589,281474976710656,8479506782293969,1125899906842624
